<?xml version="1.0"?>
<doc>
    <assembly>
        <name>Chance.NET</name>
    </assembly>
    <members>
        <member name="P:ChanceNET.Chance.Seed">
            <summary>
            The seed that this generator was initialized with.
            Changing this value after initialization will have no effect on the underlying System.Random generator.
            </summary>
        </member>
        <member name="M:ChanceNET.Chance.#ctor(System.Int32)">
            <summary>
            Initialize a new Chance generator from an integer seed.
            </summary>
            <param name="seed"></param>
        </member>
        <member name="M:ChanceNET.Chance.#ctor">
            <summary>
            The default seed value is derived from the system clock and has finite resolution. As a result, different Chance objects that are created in close succession
            by a call to the default constructor will have identical default seed values and, therefore, will produce identical sets of random numbers. 
            <para>To create multiple Chance objects without a seed, it is recommended that you use the Chance.New() method.</para>
            </summary>
        </member>
        <member name="M:ChanceNET.Chance.#ctor(System.String)">
            <summary>
            Initialize a new Chance generator from a string seed.
            </summary>
            <param name="seed"></param>
        </member>
        <member name="M:ChanceNET.Chance.GetSeed">
            <summary>
            Get the underlying seed of this Chance instance.
            </summary>
            <returns></returns>
        </member>
        <member name="M:ChanceNET.Chance.Integer(System.Int32,System.Int32)">
            <summary>
            Generate a random non-negative integer between min (inclusive) and max (exlusive).
            </summary>
            <param name="min">Inclusive lower bound</param>
            <param name="max">Exclusive upper bound</param>
            <returns></returns>
        </member>
        <member name="M:ChanceNET.Chance.Long(System.Int64,System.Int64)">
            <summary>
            Generate a random long number.
            </summary>
            <param name="min"></param>
            <param name="max"></param>
            <returns></returns>
        </member>
        <member name="M:ChanceNET.Chance.Float(System.Single,System.Single)">
            <summary>
            Generate a random float number.
            </summary>
            <returns></returns>
        </member>
        <member name="M:ChanceNET.Chance.Natural(System.Int32)">
            <summary>
            Generate a random non-negative integer that is less than the given value.
            </summary>
            <returns>The natural.</returns>
            <param name="max">Max.</param>
        </member>
        <member name="M:ChanceNET.Chance.Double(System.Double,System.Double)">
            <summary>
            Generate a random double between min (inclusive) and max (exclusive)
            </summary>
            <returns></returns>
        </member>
        <member name="M:ChanceNET.Chance.Normal">
            <summary>
            Return a normally-distributed random variate.
            </summary>
            <returns></returns>
        </member>
        <member name="M:ChanceNET.Chance.Normal(System.Double,System.Double)">
            <summary>
            Return a normally-distributed value between min (inclusive) and max (exclusive).
            </summary>
            <param name="min"></param>
            <param name="max"></param>
            <returns></returns>
        </member>
        <member name="M:ChanceNET.Chance.NormalInteger(System.Int32,System.Int32)">
            <summary>
            Return a normally-distributed value between min (inclusive) and max (exclusive).
            </summary>
            <param name="min"></param>
            <param name="max"></param>
            <returns></returns>
        </member>
        <member name="M:ChanceNET.Chance.Bool(System.Double)">
            <summary>
            Generate a random boolean with a given likelihood of being true, between 0.0 and 1.0
            </summary>
            <param name="likelihood">The chance to return true</param>
            <returns></returns>
        </member>
        <member name="M:ChanceNET.Chance.Char(System.String)">
            <summary>
            Pick a random character
            </summary>
            <param name="pool"></param>
            <returns></returns>
        </member>
        <member name="M:ChanceNET.Chance.Alphanumeric">
            <summary>
            Pick a random alphanumeric character a-z, A-Z, 0-9.
            </summary>
            <returns></returns>
        </member>
        <member name="M:ChanceNET.Chance.Letter">
            <summary>
            Pick a random letter a-z, A-Z.
            </summary>
            <returns></returns>
        </member>
        <member name="M:ChanceNET.Chance.String(System.Int32,System.String)">
            <summary>
            Generate a random string.
            </summary>
            <param name="length">The length of the string</param>
            <param name="pool">The pool of characters</param>
            <returns></returns>
        </member>
        <member name="M:ChanceNET.Chance.Hex(System.Int32)">
            <summary>
            Generate a random hexadecimal string.
            </summary>
            <param name="length"></param>
            <returns></returns>
        </member>
        <member name="M:ChanceNET.Chance.Hash(System.Int32)">
            <summary>
            Generate a random byte array of a given length.
            </summary>
            <param name="length"></param>
            <returns></returns>
        </member>
        <member name="M:ChanceNET.Chance.Syllable(System.Int32)">
            <summary>
            Generate a random syllable.
            </summary>
            <param name="length">The length of the syllable. The default is randomly picked to be either 2 or 3.</param>
            <returns></returns>
        </member>
        <member name="M:ChanceNET.Chance.Word(System.Int32,System.Int32,System.Boolean)">
            <summary>
            Return a semi-pronounceable random (nonsense) word.
            </summary>
            <param name="syllables">Amount of syllables in the word. Default is to pick a random amount between 1 and 3</param>
            <param name="length">The maximum length of the generated string</param>
            <param name="capitalize">Capitalize the first letter</param>
            <returns></returns>
        </member>
        <member name="M:ChanceNET.Chance.Sentence(System.Int32,System.Int32,System.Boolean,System.Boolean,System.Char)">
            <summary>
            Return a random sentence populated by semi-pronounceable random (nonsense) words.
            </summary>
            <param name="words">The amount of the words of the sentence. Default is to pick a random amount between 12 and 19</param>
            <param name="length">The length of the sentence string. Default is any length.</param>
            <param name="capitalize">Capitalize the first letter of the sentence.</param>
            <param name="punctuation">Whether to put punctuation at the end of the sentence.</param>
            <param name="punctuationMark">The character to use as punctuation</param>
            <returns></returns>
        </member>
        <member name="M:ChanceNET.Chance.Paragraph(System.Int32,System.Int32,System.Int32)">
            <summary>
            Generate a random paragraph which consists of capitalized sentences from the Chance.Sentence() method.
            </summary>
            <param name="sentences"></param>
            <param name="words"></param>
            <param name="length"></param>
            <returns></returns>
        </member>
        <member name="M:ChanceNET.Chance.Klout">
            <summary>
            Return a random Klout score. Range 1-99.
            <para>https://klout.com/home</para>
            </summary>
            <returns>The klout.</returns>
        </member>
        <member name="M:ChanceNET.Chance.Byte">
            <summary>
            Generate a random byte.
            </summary>
            <returns></returns>
        </member>
        <member name="M:ChanceNET.Chance.Age(ChanceNET.AgeRanges)">
            <summary>
            Pick a random human age (0-100) in the given range.
            </summary>
            <param name="range">The range to limit the age to. Default is any.</param>
            <returns></returns>
        </member>
        <member name="M:ChanceNET.Chance.Birthday(ChanceNET.AgeRanges)">
            <summary>
            Get the birth date of a person of a random age within the given range.
            </summary>
            <param name="range"></param>
            <returns></returns>
        </member>
        <member name="M:ChanceNET.Chance.FirstName(ChanceNET.Gender)">
            <summary>
            Pick a random first name.
            </summary>
            <param name="gender">Pick for a specific gender. Default is any.</param>
            <returns></returns>
        </member>
        <member name="M:ChanceNET.Chance.Gender(System.Double)">
            <summary>
            Pick a random gender with a given likelihood of picking male, between 0.0 and 1.0.
            </summary>
            <returns></returns>
        </member>
        <member name="M:ChanceNET.Chance.LastName">
            <summary>
            Pick a random last name.
            </summary>
            <returns></returns>
        </member>
        <member name="M:ChanceNET.Chance.NamePrefix(ChanceNET.Gender)">
            <summary>
            Pick a random name prefix like Sr. or Dr.
            </summary>
            <param name="gender">Pick for a specific gender. Default is any.</param>
            <returns></returns>
        </member>
        <member name="M:ChanceNET.Chance.NameSuffix">
            <summary>
            Pick a random name suffix like "Jr.", "II" etc.
            </summary>
            <returns></returns>
        </member>
        <member name="M:ChanceNET.Chance.FullName(ChanceNET.Gender,System.Boolean,System.Boolean,System.Boolean,System.Boolean)">
            <summary>
            Pick a random full name.
            </summary>
            <param name="gender">Pick for a specific gender. Default is any.</param>
            <param name="prefix"></param>
            <param name="middle"></param>
            <param name="middleInitial"></param>
            <param name="suffix"></param>
            <returns></returns>
        </member>
        <member name="M:ChanceNET.Chance.SSN(System.Boolean,System.Boolean)">
            <summary>
            Generate a random Social Security Number
            </summary>
            <param name="dashes"></param>
            <param name="ssnFour"></param>
            <returns></returns>
        </member>
        <member name="M:ChanceNET.Chance.Person(ChanceNET.AgeRanges,ChanceNET.Gender,System.String)">
            <summary>
            Generate a random person.
            </summary>
            <param name="ageRange"></param>
            <param name="gender">Pick for a specific gender. Default is any.</param>
            <param name="emailDomain">Set for a specific email domain. Default is to generate a random domain.</param>
            <returns></returns>
        </member>
        <member name="M:ChanceNET.Chance.AndroidId">
            <summary>
            Generate a random android id.
            </summary>
            <returns></returns>
        </member>
        <member name="M:ChanceNET.Chance.AppleToken">
            <summary>
            Generate a random apple token.
            </summary>
            <returns></returns>
        </member>
        <member name="M:ChanceNET.Chance.Wp8ANID2">
            <summary>
            Windows Phone 8 ANID2
            </summary>
            <returns></returns>
        </member>
        <member name="M:ChanceNET.Chance.Wp7ANID">
            <summary>
            Windows Phone 7 ANID
            </summary>
            <returns></returns>
        </member>
        <member name="M:ChanceNET.Chance.BbPin">
            <summary>
            BlackBerry pin.
            </summary>
            <returns>The pin.</returns>
        </member>
        <member name="M:ChanceNET.Chance.Guid(ChanceNET.GuidVersion)">
            <summary>
            Generate a random GUID.
            https://en.wikipedia.org/wiki/Universally_unique_identifier
            </summary>
            <param name="version"></param>
            <returns></returns>
        </member>
        <member name="M:ChanceNET.Chance.Email(System.Int32,System.String,System.String)">
            <summary>
            Generate a random e-mail
            </summary>
            <returns>The email.</returns>
            <param name="length">Length.</param>
            <param name="domain">Domain.</param>
            <param name="tld">Tld.</param>
        </member>
        <member name="M:ChanceNET.Chance.Domain(System.String)">
            <summary>
            Generate a random domain name
            </summary>
            <param name="tld"></param>
            <returns></returns>
        </member>
        <member name="M:ChanceNET.Chance.Tld">
            <summary>
            Generate a random Top-Level Domain. (com, net, org etc.)
            </summary>
            <returns></returns>
        </member>
        <member name="M:ChanceNET.Chance.FbId">
            <summary>
            Generate a random Facebook id, aka fbid.
            <para>NOTE: At the moment (Sep 2017), Facebook ids are "numeric strings" of length 16. 
            However, Facebook Graph API documentation states that it is extremely likely to change over time.</para>
            </summary>
            <returns></returns>
        </member>
        <member name="M:ChanceNET.Chance.GoogleAnalytics">
            <summary>
            Generate a random Google Analytics token.
            </summary>
            <returns></returns>
        </member>
        <member name="M:ChanceNET.Chance.Hashtag">
            <summary>
            Generate a random social media hashtag, which is just a '#' symbol followed by a word.
            </summary>
            <returns></returns>
        </member>
        <member name="M:ChanceNET.Chance.IP(System.String)">
            <summary>
            Generate a ranomd IPv4 address.
            <para>Optionally, you may also provide a subnet in the known form "192.168.1.0/24" to have the generated IP belong to that subnet.</para>
            </summary>
            <param name="subnet"></param>
            <returns></returns>
        </member>
        <member name="M:ChanceNET.Chance.IPv6">
            <summary>
            Generate a random IPv6 address.
            </summary>
            <returns>The v6.</returns>
        </member>
        <member name="M:ChanceNET.Chance.MAC">
            <summary>
            Generate a random MAC address.
            </summary>
            <returns>The mac.</returns>
        </member>
        <member name="M:ChanceNET.Chance.MD5">
            <summary>
            Generate a random MD5 hash.
            </summary>
            <returns>The MD.</returns>
        </member>
        <member name="M:ChanceNET.Chance.SHA1">
            <summary>
            Generate a random SHA1 hash.
            </summary>
            <returns>The SHA.</returns>
        </member>
        <member name="M:ChanceNET.Chance.SHA256">
            <summary>
            Generate a random SHA256 hash.
            </summary>
            <returns>The 256.</returns>
        </member>
        <member name="M:ChanceNET.Chance.SHA512">
            <summary>
            Generate a random SHA512 hash.
            </summary>
            <returns>The 512.</returns>
        </member>
        <member name="M:ChanceNET.Chance.Profession(System.Boolean)">
            <summary>
            Get a random profession name.
            </summary>
            <returns>The profession.</returns>
            <param name="rank">If set to <c>true</c> the name will be preceded by a rank.</param>
        </member>
        <member name="M:ChanceNET.Chance.Avatar(ChanceNET.GravatarDefaults)">
            <summary>
            Return a URL to a random avatar from Gravatar.
            </summary>
            <param name="defaultType">The type of default generated avatar. Default is none.</param>
            <returns></returns>
        </member>
        <member name="M:ChanceNET.Chance.Color(System.Nullable{System.Byte},System.Nullable{System.Byte},System.Nullable{System.Byte})">
            <summary>
            Generate a random color in Hex format.
            </summary>
            <returns></returns>
        </member>
        <member name="M:ChanceNET.Chance.ColorName">
            <summary>
            Returns the name of a random color.
            </summary>
            <returns></returns>
        </member>
        <member name="M:ChanceNET.Chance.Company">
            <summary>
            Get a random company name.
            </summary>
            <returns>The company.</returns>
        </member>
        <member name="M:ChanceNET.Chance.Twitter">
            <summary>
            Generate a random twitter username.
            </summary>
            <returns>The twitter.</returns>
        </member>
        <member name="M:ChanceNET.Chance.EndPoint(System.String,System.UInt16)">
            <summary>
            Generate a random IPEndPoint which is a pair of an IP and a port.
            </summary>
            <returns>The point.</returns>
            <param name="subnet">Pick from a specific subnet.</param>
            <param name="port">Use a specific port instead of a random one.</param>
        </member>
        <member name="M:ChanceNET.Chance.Url(System.String,System.String,System.String,System.String)">
            <summary>
            Generate a random URL.
            </summary>
            <param name="scheme"></param>
            <param name="domain"></param>
            <param name="path"></param>
            <param name="extension"></param>
            <returns></returns>
        </member>
        <member name="M:ChanceNET.Chance.Port">
            <summary>
            Generate a random valid port number.
            </summary>
            <returns>The port.</returns>
        </member>
        <member name="M:ChanceNET.Chance.Altitude">
            <summary>
            Generate a random altitude.
            </summary>
            <returns>The altitude.</returns>
        </member>
        <member name="M:ChanceNET.Chance.AreaCode(System.Boolean)">
            <summary>
            Generate a random US area code.
            </summary>
            <returns>The code.</returns>
        </member>
        <member name="M:ChanceNET.Chance.City">
            <summary>
            Generate a random city name
            </summary>
            <returns></returns>
        </member>
        <member name="M:ChanceNET.Chance.Latitude(System.Double,System.Double)">
            <summary>
            Generate a random latitude.
            </summary>
            <returns></returns>
        </member>
        <member name="M:ChanceNET.Chance.Longitude(System.Double,System.Double)">
            <summary>
            Generate a random longitude.
            </summary>
            <returns></returns>
        </member>
        <member name="M:ChanceNET.Chance.Location(System.Double,System.Double,System.Double,System.Double)">
            <summary>
            Generate a random geographical location. 
            The generation is mathematically accurate to be uniformally distributed around the globe.
            </summary>
            <returns>The location.</returns>
            <param name="minLat">Minimum lat.</param>
            <param name="maxLat">Max lat.</param>
            <param name="minLng">Minimum lng.</param>
            <param name="maxLng">Max lng.</param>
        </member>
        <member name="M:ChanceNET.Chance.Location(System.Double,System.Double,System.Double)">
            <summary>
            Given a geographical location and a range in meters, generate a new random location that is within the given range of the given location.
            </summary>
            <param name="centerLat"></param>
            <param name="centerLng"></param>
            <param name="range">The range in meters.</param>
            <returns></returns>
        </member>
        <member name="M:ChanceNET.Chance.Location(ChanceNET.Location,System.Double)">
            <summary>
            Given a geographical location and a range in meters, generate a new random location that is within the given range of the given location.
            </summary>
            <param name="center"></param>
            <param name="range">The range in meters.</param>
            <returns></returns>
        </member>
        <member name="M:ChanceNET.Chance.Coordinates(System.Double,System.Double,System.Double,System.Double)">
            <summary>
            Generate random coordinates, which are latitude and longitude, comma separated.
            </summary>
            <returns></returns>
        </member>
        <member name="M:ChanceNET.Chance.Country">
            <summary>
            Return a random country.
            </summary>
            <returns></returns>
        </member>
        <member name="M:ChanceNET.Chance.State">
            <summary>
            Get a random US state.
            </summary>
            <returns>The state.</returns>
        </member>
        <member name="M:ChanceNET.Chance.Depth(System.Double,System.Double)">
            <summary>
            Generate a random depth, in meters. Depths are always negative
            </summary>
            <returns></returns>
        </member>
        <member name="M:ChanceNET.Chance.Geohash(System.Int32)">
            <summary>
            Generate a random geohash.
            <para>http://en.wikipedia.org/wiki/Geohash</para>
            </summary>
            <returns></returns>
        </member>
        <member name="M:ChanceNET.Chance.Phone(System.String,System.Boolean)">
            <summary>
            Generate a random phone.
            <para>Conforms to NANP for a proper US phone number.</para>
            </summary>
            <param name="areaCode"></param>
            <param name="formatted"></param>
            <returns></returns>
        </member>
        <member name="M:ChanceNET.Chance.Postal">
            <summary>
            Return a Canadian Postal code. Returned postal code is valid with respect to the Postal District (first character) and format only.
            </summary>
            <returns></returns>
        </member>
        <member name="M:ChanceNET.Chance.Zip">
            <summary>
            Returns a random US-valid Zip Code.
            </summary>
            <returns></returns>
        </member>
        <member name="M:ChanceNET.Chance.Street(System.Boolean)">
            <summary>
            Generate a random street name.
            </summary>
            <param name="shortSuffix"></param>
            <returns></returns>
        </member>
        <member name="M:ChanceNET.Chance.StreetSuffix(System.Boolean)">
            <summary>
            Get a random street suffix
            </summary>
            <returns>The suffix.</returns>
            <param name="abbreviation">If set to <c>true</c> the abbreviation will be returned.</param>
        </member>
        <member name="M:ChanceNET.Chance.Address(System.Boolean,System.Boolean,System.Int32,System.Int32)">
            <summary>
            Generate a random address with a street name and number.
            </summary>
            <returns>The address.</returns>
            <param name="numberFirst">If set to <c>true</c> the number will be before the street name.</param>
            <param name="shortStreetSuffix">If set to <c>true</c> the street suffix will be abbreviated.</param>
            <param name="minNumber">Minimum number.</param>
            <param name="maxNumber">Max number.</param>
        </member>
        <member name="M:ChanceNET.Chance.AmPm">
            <summary>
            Returns either 'am' or 'pm'.
            </summary>
            <returns></returns>
        </member>
        <member name="M:ChanceNET.Chance.Date(System.Int32,ChanceNET.Month,System.Int32,System.Int32,System.Int32)">
            <summary>
            Generate a random date.
            </summary>
            <param name="year">Pick from a specific year. Default is any.</param>
            <param name="month">Pick on a specific month. Default is any.</param>
            <param name="day">Pick a specific day. Default is any.</param>
            <param name="minYear">The minimum year to choose from.</param>
            <param name="maxYear">The maximum year to choose from.</param>
            <returns></returns>
        </member>
        <member name="M:ChanceNET.Chance.HammerTime">
            <summary>
            Hammertime is the name given to a Unix time with milliseconds. Which is the same as saying the number of milliseconds since 1970. 
            It has finer granularity than a normal Unix timestamp and thus is often used in realtime applications.
            </summary>
            <returns></returns>
        </member>
        <member name="M:ChanceNET.Chance.Timestamp">
            <summary>
            Generate a random timestamp. This is a standard Unix time, so a random number of seconds since January 1, 1970.
            </summary>
            <returns></returns>
        </member>
        <member name="M:ChanceNET.Chance.Hour(System.Boolean)">
            <summary>
            Generate a random hour.
            <para>By default, returns an hour from 1 to 12 for a standard 12-hour clock.</para>
            </summary>
            <param name="twentyFour"></param>
            <returns></returns>
        </member>
        <member name="M:ChanceNET.Chance.Minute">
            <summary>
            Generate a random minute from 0 to 59. Ideal for generating a clock time.
            </summary>
            <returns></returns>
        </member>
        <member name="M:ChanceNET.Chance.Second">
            <summary>
            Generate a random second from 0 to 59. Ideal for generating a clock time.
            </summary>
            <returns></returns>
        </member>
        <member name="M:ChanceNET.Chance.Millisecond">
            <summary>
            Generate a random millisecond from 0 to 999. Ideal for generating a clock time.
            </summary>
            <returns></returns>
        </member>
        <member name="M:ChanceNET.Chance.Month(ChanceNET.Month,ChanceNET.Month)">
            <summary>
            Generate a random month.
            </summary>
            <returns></returns>
        </member>
        <member name="M:ChanceNET.Chance.TimeZone">
            <summary>
            Return a random timezone.
            <para>Picks only from the timezones that are found on the system via TimeZoneInfo.GetSystemTimeZones()</para>
            </summary>
            <returns></returns>
        </member>
        <member name="M:ChanceNET.Chance.Weekday(ChanceNET.WeekdayTypes)">
            <summary>
            Pick a random day of the week.
            </summary>
            <param name="type">The type of day of the week. Default is any.</param>
            <returns></returns>
        </member>
        <member name="M:ChanceNET.Chance.Year(System.Int32,System.Int32)">
            <summary>
            Generate a random year between min and max (inclusive).
            <para>By default, min is the current year and max is 100 years greater than min, with a ceiling on 9999, which is the maximum year for a DateTime field.</para>
            </summary>
            <returns></returns>
        </member>
        <member name="M:ChanceNET.Chance.CreditCardNumber(ChanceNET.CreditCardTypes)">
            <summary>
            Generate a random valid credit card number without spacing.
            </summary>
            <returns>The card number.</returns>
            <param name="types">The CC types to limit the choice to. Default is any.</param>
        </member>
        <member name="M:ChanceNET.Chance.CreditCardType(ChanceNET.CreditCardTypes)">
            <summary>
            Pick a random credit card type.
            </summary>
            <returns>The card type.</returns>
            <param name="types">The CC types to limit the choice to. Default is any.</param>
        </member>
        <member name="M:ChanceNET.Chance.ExpirationYear">
            <summary>
            Generate a random credit card expiration year.
            <para>A random year between today and 10 years in the future.</para>
            </summary>
            <returns></returns>
        </member>
        <member name="M:ChanceNET.Chance.ExpirationMonth(System.Int32)">
            <summary>
            Generate a random credit card expiration month.
            <para>If expYear is set and is the current year then this will make sure that the expiration month is after the current month.</para>
            <para>This because many credit card sandboxes require an expiration date later than the current date so it’s necessary when generating
            an expiration with the current year to generate a month later than the current month.</para>
            <para>Exception to the above would be if the current month is December.</para>
            </summary>
            <param name="expYear">The expiration year of the card.</param>
            <returns></returns>
        </member>
        <member name="M:ChanceNET.Chance.ExpirationDate">
            <summary>
            Generate a random credit card expiration date.
            <para>This DateTime object will point to the last day of the month, since that is when all credit card types expire.
            Thus making the returned object useful for comparisons.</para>
            </summary>
            <returns></returns>
        </member>
        <member name="M:ChanceNET.Chance.ExpirationString">
            <summary>
            Generate a random credit card expiration in the MM/YYYY format.
            </summary>
            <returns></returns>
        </member>
        <member name="M:ChanceNET.Chance.CreditCard(ChanceNET.CreditCardTypes)">
            <summary>
            Generate a random credit card that has not expired.
            </summary>
            <returns>The card.</returns>
            <param name="types">The CC types to limit the choice to. Default is any.</param>
        </member>
        <member name="M:ChanceNET.Chance.Currency">
            <summary>
            Retrurns a random currency.
            </summary>
            <returns></returns>
        </member>
        <member name="M:ChanceNET.Chance.CurrencyPair">
            <summary>
            Generate a currency pair. Handy for simulating currency conversions. Guaranteed to return a unique pair (and not the same currency twice).
            </summary>
            <returns></returns>
        </member>
        <member name="M:ChanceNET.Chance.Dollar(System.Double,System.Double)">
            <summary>
            Return a random dollar amount, formatted with separators.
            <para>By default returns dollar amount lesser than 10000. Optionally specify the max to make it larger (or smaller).</para>
            </summary>
            <returns></returns>
        </member>
        <member name="M:ChanceNET.Chance.Euro(System.Double,System.Double)">
            <summary>
            Return a random euro amount, formatted with separators.
            <para>By default returns dollar amount lesser than 10000. Optionally specify the max to make it larger (or smaller).</para>
            </summary>
            <returns></returns>
        </member>
        <member name="M:ChanceNET.Chance.Coin">
            <summary>
            Flips a coin
            </summary>
            <returns>The coin.</returns>
        </member>
        <member name="M:ChanceNET.Chance.Pad(System.Int32,System.Int32,System.Char)">
            <summary>
            Pad a number with some string until it reaches a desired width.
            </summary>
            <param name="number"></param>
            <param name="length">Length of the final string</param>
            <param name="padder"></param>
            <returns></returns>
        </member>
        <member name="M:ChanceNET.Chance.Dice(System.Int32)">
            <summary>
            The result of the roll of a die with a specified number of sides.
            </summary>
            <param name="sides"></param>
            <returns></returns>
        </member>
        <member name="M:ChanceNET.Chance.D4">
            <summary>
            The result of the roll of a 4-sided die.
            </summary>
            <returns></returns>
        </member>
        <member name="M:ChanceNET.Chance.D6">
            <summary>
            The result of the roll of a 6-sided die.
            </summary>
            <returns></returns>
        </member>
        <member name="M:ChanceNET.Chance.D8">
            <summary>
            The result of the roll of an 8-sided die.
            </summary>
            <returns></returns>
        </member>
        <member name="M:ChanceNET.Chance.D10">
            <summary>
            The result of the roll of a 10-sided die.
            </summary>
            <returns></returns>
        </member>
        <member name="M:ChanceNET.Chance.D12">
            <summary>
            The result of the roll of a 12-sided die.
            </summary>
            <returns></returns>
        </member>
        <member name="M:ChanceNET.Chance.D20">
            <summary>
            The result of the roll of a 20-sided die.
            </summary>
            <returns></returns>
        </member>
        <member name="M:ChanceNET.Chance.D30">
            <summary>
            The result of the roll of a 30-sided die.
            </summary>
            <returns></returns>
        </member>
        <member name="M:ChanceNET.Chance.D100">
            <summary>
            The result of the roll of an 100-sided die.
            </summary>
            <returns></returns>
        </member>
        <member name="M:ChanceNET.Chance.Rpg(System.String)">
            <summary>
            Given an input looking like #d#, where the first # is the number of dice to roll and the second # is the max of each die, returns an array of dice values.
            </summary>
            <param name="rolls"></param>
            <returns></returns>
        </member>
        <member name="M:ChanceNET.Chance.RpgSum(System.String)">
            <summary>
            Given an input looking like #d#, where the first # is the number of dice to roll and the second # is the max of each die, returns the sum of the dice rolled.
            </summary>
            <param name="rolls"></param>
            <returns></returns>
        </member>
        <member name="M:ChanceNET.Chance.Radio(ChanceNET.RadioSide)">
            <summary>
            Generate a random radio call sign.
            </summary>
            <param name="side">The radio side to limit the choice to. Default is any.</param>
            <returns></returns>
        </member>
        <member name="M:ChanceNET.Chance.Tv(ChanceNET.RadioSide)">
            <summary>
            Generate a TV station call sign. This is an alias for Radio() since they both follow the same rules.
            </summary>
            <param name="side">The radio side to limit the choice to. Default is any.</param>
            <returns></returns>
        </member>
        <member name="M:ChanceNET.Chance.N``1(System.Int32,System.Func{``0})">
            <summary>
            Provide any function that generates random stuff (usually another Chance function) 
            and a number and N() will generate a list of items with a length matching the length specified.
            </summary>
            <typeparam name="T"></typeparam>
            <param name="length"></param>
            <param name="func"></param>
            <returns></returns>
        </member>
        <member name="M:ChanceNET.Chance.FileExtension(ChanceNET.FileExtensionTypes)">
            <summary>
            Get a random file extension.
            </summary>
            <returns>The extension.</returns>
            <param name="types">The file types to limit the choice to. Default is any.</param>
        </member>
        <member name="M:ChanceNET.Chance.Unique``1(System.Int32,System.Func{``0})">
            <summary>
            Provide any function that generates random stuff (usually another Chance function) and a number
            and Unique() will generate a random array of unique (not repeating) items with a length matching the one specified.
            </summary>
            <returns>The unique.</returns>
            <param name="length">Length.</param>
            <param name="func">Func.</param>
            <typeparam name="T">The 1st type parameter.</typeparam>
        </member>
        <member name="M:ChanceNET.Chance.PickOne``1(System.Collections.Generic.IEnumerable{``0})">
            <summary>
            Get a random element with equal probability
            </summary>
            <typeparam name="T"></typeparam>
            <param name="list"></param>
            <returns></returns>
        </member>
        <member name="M:ChanceNET.Chance.PickEnum``1">
            <summary>
            Pick a random value from an enumerable type.
            </summary>
            <typeparam name="T">An enumerable type</typeparam>
            <returns></returns>
        </member>
        <member name="M:ChanceNET.Chance.PickFlags``1(System.Int32)">
            <summary>
            Generate a flags Enum with an amount of random flags set.
            </summary>
            <returns>The flags.</returns>
            <param name="count">The amount of unique flags to set. 
            If larger than the amount of values of the enum, all the flags will be set</param>
            <typeparam name="T">The Enum type.</typeparam>
        </member>
        <member name="M:ChanceNET.Chance.PickSet``1(System.Collections.Generic.IEnumerable{``0},System.Int32)">
            <summary>
            Picks a number of random unique elements from the given list.
            </summary>
            <returns>The set.</returns>
            <param name="list">List.</param>
            <param name="count">Count.</param>
            <typeparam name="T">The 1st type parameter.</typeparam>
        </member>
        <member name="M:ChanceNET.Chance.Weighted``1(System.Collections.Generic.IEnumerable{``0},System.Func{``0,System.Double})">
            <summary>
            
            </summary>
            <typeparam name="T"></typeparam>
            <param name="list"></param>
            <param name="weight">Given an item, this function should return its weight.</param>
            <returns></returns>
        </member>
        <member name="M:ChanceNET.Chance.Weighted``1(System.Collections.Generic.Dictionary{``0,System.Double})">
            <summary>
            Given a dictionary where each key-value pair is an item and its weight, this method made a weighted random pick of one item and return it.
            </summary>
            <typeparam name="T"></typeparam>
            <param name="weightedList"></param>
            <returns></returns>
        </member>
        <member name="M:ChanceNET.Chance.Animal(ChanceNET.AnimalTypes)">
            <summary>
            Get a random animal.
            </summary>
            <param name="type">A flag enum of animal times to restrict the choice from. Default is any.</param>
            <returns></returns>
        </member>
        <member name="M:ChanceNET.Chance.Shuffle``1(System.Collections.Generic.IEnumerable{``0})">
            <summary>
            Shuffle the specified list.
            </summary>
            <returns>The shuffle.</returns>
            <param name="list">List.</param>
            <typeparam name="T">The 1st type parameter.</typeparam>
        </member>
        <member name="M:ChanceNET.Chance.New">
            <summary>
            This instance will use its own random generator to produce the seed for a new Chance instance and return it.
            </summary>
            <returns></returns>
        </member>
        <member name="M:ChanceNET.Chance.Object``1">
            <summary>
            Generate a new object of type T, generating a random value for each of its fields and properties
            that have a relevant Chance attribute.
            </summary>
            <typeparam name="T"></typeparam>
            <returns></returns>
        </member>
        <member name="M:ChanceNET.Chance.Object``1(``0)">
            <summary>
            Generate a random value for each of the object's fields and properties that have a relevant Chance attribute.
            </summary>
            <typeparam name="T"></typeparam>
            <param name="obj"></param>
            <returns></returns>
        </member>
        <member name="M:ChanceNET.Location.ToString">
            <summary>
            Get this location in a string formatted as: Lat, Long
            </summary>
            <returns></returns>
        </member>
        <member name="M:ChanceNET.Location.DistanceTo(System.Double,System.Double)">
            <summary>
            Get the distance between this location and a set of geographical coordinates.
            </summary>
            <returns></returns>
        </member>
        <member name="M:ChanceNET.Location.DistanceTo(ChanceNET.Location)">
            <summary>
            Get the distance between this location and another.
            </summary>
            <param name="loc"></param>
            <returns></returns>
        </member>
        <member name="T:ChanceNET.ConcurrentChance">
            <summary>
            Represents an instance of Chance where the underlying generator has been made thread-safe.
            </summary>
        </member>
        <member name="M:ChanceNET.ConcurrentChance.#ctor">
            <summary>
            The default seed value is derived from the system clock and has finite resolution. As a result, different Chance objects that are created in close succession
            by a call to the default constructor will have identical default seed values and, therefore, will produce identical sets of random numbers. 
            <para>To create multiple Chance objects without a seed, it is recommended that you use the Chance.New() method.</para>
            </summary>
        </member>
        <member name="F:ChanceNET.AgeRanges.Any">
            <summary>
            Ages 0 - 100
            </summary>
        </member>
        <member name="F:ChanceNET.AgeRanges.Child">
            <summary>
            Ages 0 - 12
            </summary>
        </member>
        <member name="F:ChanceNET.AgeRanges.Teen">
            <summary>
            Ages 12 - 19
            </summary>
        </member>
        <member name="F:ChanceNET.AgeRanges.Adult">
            <summary>
            Ages 18 - 65
            </summary>
        </member>
        <member name="F:ChanceNET.AgeRanges.Senior">
            <summary>
            Ages 65 - 100
            </summary>
        </member>
        <member name="F:ChanceNET.GravatarDefaults.MM">
            <summary>
            Mystery man
            </summary>
        </member>
        <member name="F:ChanceNET.GravatarDefaults.Identicon">
            <summary>
            Geometric pattern based on hash
            </summary>
        </member>
        <member name="F:ChanceNET.GravatarDefaults.MonsterId">
            <summary>
            A generated monster icon
            </summary>
        </member>
        <member name="F:ChanceNET.GravatarDefaults.Wavatar">
            <summary>
            A generated face
            </summary>
        </member>
        <member name="F:ChanceNET.GravatarDefaults.Retro">
            <summary>
            8-bit icon
            </summary>
        </member>
        <member name="F:ChanceNET.GravatarDefaults.Blank">
            <summary>
            A transparent png
            </summary>
        </member>
        <member name="F:ChanceNET.FileExtensionTypes.Raster">
            <summary>
            Image types like .BMP and .PNG
            </summary>
        </member>
        <member name="F:ChanceNET.FileExtensionTypes.Vector">
            <summary>
            Vector types like .SVG and .AWG
            </summary>
        </member>
        <member name="F:ChanceNET.FileExtensionTypes._3D">
            <summary>
            3D object files like .BLEND and .3DM
            </summary>
        </member>
        <member name="F:ChanceNET.FileExtensionTypes.Document">
            <summary>
            Document types like .DOC and .CSV
            </summary>
        </member>
    </members>
</doc>
