<!--
This file is part of the pestudio solution (www.winitor.com).
Any usage of this file outside of the context of pestudio (e.g. in third-party application, tools chain, etc...) must be explicitely authorized.

Please note that this file can be modified when running pestudio.
-->
<xml version="1.0" encoding="utf-8">
  
  <!-- .NET namespaces -->
  <namespaces root="1">
    
    <!-- Custom -->
    <item bl="1">AForge</item>
    <item bl="1">cam</item>
    <item bl="1">Claever</item>
    <item bl="1">Cleaver</item>
    <item bl="1">ChatServer</item>
    <item bl="1">ChatProto</item>
    <item bl="1">Costura</item>
    <item bl="1">CryptUtil</item>
    <item bl="1">CryptoTester</item>
    <item bl="1">FileOptimizerManager</item>
    <item bl="1">Hacker.KeySpy</item>
    <item bl="1">Heijden.DNS</item>
    <item bl="1">InjectionLibrary</item>
    <item bl="1">ICSharpCode.SharpZipLib</item>
    <item bl="1">Ionic.Zip</item>
    <item bl="1">JLibrary</item>
    <item bl="1">Loamen</item>
    <item bl="1">log4net</item>
    <item bl="1">Mono</item>
    <item bl="1">mimikatzWrapper</item>
    <item bl="1">MessagePackLib</item>
    <item bl="1">MouseKeyboardLibrary</item>
    <item bl="1">NineRays.Obfuscator</item>
    <item bl="1">Org.BouncyCastle</item>
    <item bl="1">Org.Mentalis</item>
    <item bl="1">RathodFinalProject</item>
    <item bl="1">RemoteClient</item>
    <item bl="1">Renci</item>
    <item bl="1">Ryuk</item>
    <item bl="1">SadComputer</item>
    <item bl="1">SecureTeam</item>
    <item bl="1">ScanEngine</item>
    <item bl="1">SmartAssembly</item>
    <item bl="1">StackCrawlMark</item>
    <item bl="1">svchost</item>
    <item bl="1">TaskScheduler</item>
    <item bl="1">TinyZBot</item>
    <item bl="1">wanna_cry</item>
    <item bl="1">YanoAttribute</item>

    <!-- Microsoft -->
    <item bl="1">Microsoft.Win32.TaskScheduler</item>
    <item bl="1">Microsoft.Win32.SafeHandles</item>
    <item bl="1">System.DirectoryServices</item>
    <item bl="1">System.IO</item>
    <item bl="1">System.IO.Compression</item>
    <item bl="1">System.Net</item>
    <item bl="1">System.Runtime.CompilerServices</item>
    <item bl="1">System.Runtime.InteropServices</item>
    <item bl="1">System.Runtime.Remoting</item>
    <item bl="1">System.Reflection.Emit</item>
    <item bl="1">System.Security</item>
    <item bl="1">System.Security.Cryptography</item>
    <item bl="1">System.Text.RegularExpressions</item>
    <item bl="1">System.Text.Encoding</item>
    <item bl="1">System.Threading</item>
    <item bl="1">System.Web.Services</item>
  </namespaces>
</xml>
